date,block,reth_supply,exchange_rate,eth_staked,deposit_pool_eth,deposit_pool_excess_eth,express_queue,standard_queue,megapool_validators,node_count,minipools_staking
2025-10-01,23479243,391662.920514412000479921,1.146991603900382634,449234.0813891334970458002691,23.587168422552818741,0,,,,4019,19733
2025-10-08,23529320,391554.815403707321152185,1.147528880742630045,449320.4590696033802727890237,14.870864376912139879,0,,,,4024,19733
2025-10-15,23579375,390914.409208091959662388,1.14817441113237516,448837.9215956613196844247472,28.740256748967022276,0,,,,4026,19714
2025-10-22,23629361,389943.223835907099765428,1.148700949468843959,447928.1514592484306248346720,16.636217001210161102,0,,,,4027,19676
2025-10-29,23679339,389072.227909661275574462,1.149210671063509348,447125.9561282364854050933760,19.182625986399574119,0,,,,4033,19650
2025-11-05,23729387,384319.025246292083951972,1.149732141764134088,441863.9360171237178510768857,10.587735834340245581,0,,,,4035,19431
2025-11-12,23779425,380095.376557111011090828,1.150262105593858616,437209.3081650730786062189515,15.207613155103394586,0,,,,4036,19232
2025-11-19,23829427,376334.428393294257161048,1.150804276089298582,433087.2694346249716804793745,21.519013250485373269,0,,,,4038,19060
2025-11-26,23879219,372330.154387558653502042,1.151315483343493855,428669.4716620697804108608126,21.427508174074082005,0,,,,4041,18876
2025-12-03,23929210,368063.540664169602930285,1.151835724202334991,423948.7349133893686377102351,20.618707348011563329,0,,,,4044,18677
2025-12-10,23978632,364910.807068190269309301,1.152318047941758892,420493.3088736688042982624037,16.030225747574464397,0,,,,4047,18527
2025-12-17,24028609,364602.434179651683586298,1.152835190300433294,420326.5165914999530820406793,8.349558093321024206,0,,,,4047,18509
2025-12-24,24078750,361560.931931266890121286,1.153327066568226687,416998.0090099623265464634632,22.44500382535980655,0,,,,4048,18361
2025-12-31,24128884,359316.053961132855909539,1.153848344010702803,414596.2338395134750954955636,3.222787919994321246,0,,,,4049,18231
2026-01-07,24179079,360021.345997014128929828,1.154375968446318881,415599.9899466504344745481769,13.742841346723933707,0,,,,4049,18141
2026-01-14,24229220,360110.810155153073359475,1.154877074603943451,415883.7189652392328110068307,1760.688462210432192966,1760.688462210432192966,,,,4051,17998
2026-01-21,24279434,360032.146781181982805324,1.155685404258425671,416083.8970988391485093893644,6487.912498346771189563,6487.912498346771189563,,,,4053,17810
2026-01-28,24329613,360572.023607471953403849,1.156198889678770917,416892.9733441866477327793680,11872.032705437815771805,11872.032705437815771805,,,,4055,17746
2026-02-04,24379762,358514.027031815805983918,1.156733479193470279,414705.1778281741497782254321,12112.860340426772472905,12112.860340426772472905,,,,4057,17669
2026-02-11,24429809,344749.205851277164992785,1.157278695858506413,398970.9113458218056861284796,7.62812906E-10,7.62812906E-10,,,,4058,17551
2026-02-18,24479994,342257.035743478385392754,1.157737589816937166,396243.8356595439812020577692,182.218572790464350139,182.218572790464350139,0,0,0,4067,17424
2026-02-25,24530203,342634.823278082496670762,1.158194501215101169,396837.7682454830924956513130,31.646196971073704531,0,1036,583,3137,4079,15794
2026-03-04,24580372,344442.575332043404944112,1.158664260967282507,399093.3019927696038621651740,30.338539648838832593,0,1262,628,3728,4090,15555
2026-03-11,24630504,344311.665146926812953907,1.159136556311497766,399104.2378362862944524557107,23.120411122496757117,0,1267,670,3913,4103,15462
2026-03-18,24680644,345077.621833945927810191,1.159563390276734689,400139.3770824033054873569885,22.678640292182923105,0,1291,741,4066,4107,15428
2026-03-25,24730839,340205.420178833481462705,1.16003412973454897,394649.8985281296628854059903,24.931958235492440846,0,1358,750,4159,4110,15389
2026-04-01,24781026,339682.166509802158414621,1.16048123401977957,394194.7797658074490830951492,20.931958235492440846,0,1373,755,4190,4113,15372
2026-04-08,24831255,339341.197197052569650262,1.160931489567595547,393951.8815336254185380507930,0.931958235492440846,0,1265,762,4209,4116,15299
2026-04-15,24881482,338307.527260668478115945,1.161361759810098044,392897.4252164526613649311034,24.931958235492440846,0,1247,739,4215,4118,15184
2026-04-22,24931742,335792.445009705854958583,1.161843797697404292,390138.3695481734447491541954,20.931958235492440846,0,1227,699,4222,4119,15159
2026-04-29,24982011,335573.761432766670239236,1.162339497323606258,390050.6371787537800244807826,21.390575524324841047,0,1217,673,4274,4122,14929
2026-05-06,25032255,334193.286454243702485954,1.162819192390927024,388606.3674571933940101424244,9.390575524324841047,0,1221,674,4287,4124,14901
2026-05-13,25082485,333639.496496700956655421,1.163264352797519889,388110.9329599252426936132327,17.390575524324841047,0,1192,676,4305,4128,14866
2026-05-20,25132717,333431.09366202214913649,1.16370428078601119,388015.1910416566191172192044,1.390575524324841047,0,1259,679,4390,4131,14797
2026-05-27,25182942,333493.648276321209660195,1.1641661111600304,388242.0036104158379680438384,19.739140722506135779,0,1227,664,4404,4134,14732
2026-06-03,25233136,332838.644686138781759481,1.164607144338452557,387626.2635134049533749865955,23.739140722506135779,0,1193,684,4429,4135,14722
2026-06-10,25283318,328234.260463176794080178,1.1650624239877925,382413.4031310691987169968003,7.739140722506135779,0,1191,699,4449,4140,14546
2026-06-17,25333536,327537.871296621925526849,1.165489772794874508,381742.0391992167366507578960,27.739140722506135779,0,1348,689,4630,4141,14516
2026-06-24,25383756,325520.352531384395288336,1.165923877685035334,379531.9516887914017520118967,31.739140722506135779,0,1347,702,4647,4145,14436
2026-07-01,25433938,325796.725822873262721724,1.166391275101393451,380006.4584564002234250835614,19.739140722506135779,0,1341,701,4652,4145,14418
2026-07-08,25484120,322034.233171405665527021,1.166884093751253047,375776.6243310954124618862461,23.739140722506135779,0,1342,691,4669,4146,14383
2026-07-15,25534324,321899.534540609456749271,1.167381008480740238,375779.4032614975434014381941,15.739140722506135779,0,1389,616,4723,4148,14363
2026-07-22,25584545,321920.113277419052582375,1.167873305720928931,375961.9068713552939418357000,23.739140722506135779,0,1365,618,4725,4148,14357
2026-07-29,25634763,321594.770645718306498103,1.168363419748944186,375739.5660050088120141277295,31.739140722506135779,0,1369,622,4906,4149,14350
2026-08-05,25684999,321061.313405884609372973,1.168855799305975655,375274.3781072616120549750691,23.739140722506135779,0,1371,612,4912,4150,14320
2026-08-12,25735200,320387.407442966361817594,1.169354431860586167,374646.4348057560659017624501,23.739140722506135779,0,1349,601,4920,4151,14305
2026-08-19,25785424,320133.666032495819409796,1.169836243281092779,374503.9652192588871280943842,31.739140722506135779,0,1342,597,4922,4152,14297
2026-08-26,25835657,319919.730698343271443614,1.170324123611860947,374409.7784556811560942717839,3.739140722506135779,0,1345,601,4939,4152,14290
2026-09-02,25885878,317856.429620356841779821,1.170813170849263636,372150.4942386357976007830181,15.739140722506135779,0,1350,589,4950,4152,14195
2026-09-09,25936089,317099.874521955222353115,1.171297356949448081,371418.2449165677832428068761,19.739140722506135779,0,1348,586,4951,4152,14162
2026-09-16,25986306,316641.457051647549702686,1.171782649818050647,371034.9655862280444130955539,19.739140722506135779,0,1361,592,4975,4156,14139
2026-09-23,26036463,316409.941049504689360135,1.17226291493311288,370915.6398085067767593101938,19.739140722506135779,0,1344,589,4975,4156,14130
2026-09-30,26086569,316109.905974180695789187,1.172753229825365613,370718.9132110130479359877697,31.739140722506135779,0,1335,590,4978,4159,14120
