megapool,nodeAddress,nodeBond,userCapital,validatorCount,activeValidatorCount,exitingValidatorCount,debt,assignedValue,nodeQueuedBond,userQueuedCapital,newValidatorBondRequirement
0x001026c70491f0bFd836b8Ae2d05Dba2fEa553B3,0xd5c9e0646D418aFD292D834e415ea499f4fEA3C2,240,1680,60,60,0,0,0,0,0,4
0x001AaeCBc3aEAc4D73a66944b07D9F8eA1445503,0xf0A93e692cd70C4fbf7614FA4acCEDCcE3E301E2,0,0,4,4,0,0,0,16,112,4
0x04FC77C4EE3Ba206935907845228681542FfC04F,0x1Fe46996E8104b04a38A91Cde76ae85FA1eF2cDd,8,56,5,3,0,0,0,4,28,4
0x05c6e265962D0b1D4851702648DDa90417F9e6F0,0xbE016160562388d912B7Fb98AED5a4dF61d75Df8,4,28,1,1,0,0,0,0,0,4
0x060b9b56cB662b430430f85C3Eeff53507b3f1BA,0x6bEB555aD17ACaA6bCc5d2Cf26a191Cb2735e68B,0,0,16,0,0,0,0,0,0,4
0x07A6bb771eB95d06C58fa4206df17d6e19BaAdAE,0xdb883339A61B7Ac39712418CF76b6a1B44E596bf,0,0,16,16,0,0,0,64,448,4
0x07F0505b04b256E60537E3cc79303B38b89F2F56,0xD8E9FE91f5cf4b2DA7e9fE499669dbA98068dB4A,0,0,2,2,0,0,0,8,56,4
0x096005aA7A1589Fb38f7A000134af506530Ccc06,0xDDcBFa9234D1E6943dD6707223Ef089fcb965a87,0,0,1,1,0,0,0,4,28,4
0x09F5060149c61A14140D928a6941254444B5bfD4,0xeF868831EDE893e08EF48768500386f1DfE94a25,0,0,2,0,0,0,0,0,0,4
0x09b5932dC582fdEf98445401Ffac0C9B09Cac798,0xbCD593d534082b924a746D3264dABE4cA8219401,0,0,10,10,0,0,0,40,280,4
0x0B97b3820C698b863175e8Aec39275D9e0610346,0x40FC94B4FfbE7d19eA4130C5D8319Ab883562481,0,0,1,0,0,0,0,0,0,4
0x0C1aC194b2df65fDfca831b8E32083E5b8573cD4,0x8eA9E4203a422cb12e9f88d803297896588c07A7,0,0,1,0,0,0,0,0,0,4
0x0C6d8747Def4C81b6B6a4dEDc8d2B3c589216229,0x235bAFe1253a0880a71A46af4F7AE4686D2fC0e5,0,0,1,1,0,0,0,4,28,4
0x0DDEf86A8406097979B293ae9f9B28e5Ad3663c9,0x1EFF6b29320Dd155a0A7F015bdfa80d490902B5D,0,0,2,2,0,0,0,8,56,4
0x0c734E31029EbE57bF8C20eAE3F486f48C7134d2,0x4F16628789A29481ab57B5b1E003e9975E22c8b1,0,0,1,1,0,0,0,4,28,4
0x0d7d78B932F75b4C18597c76d817d47b88Ba8eFb,0xC48f43b3d14b828CB6Ed827C23E3AB7AF0Fe6485,148,1036,37,37,0,0,0,0,0,4
0x0dDA2DA7448Df52e10a84400B6f01D0F4B1B2477,0xAF8e289Cfff6cD19aBd151cEA116A5142a0F1802,0,0,1,1,0,0,0,4,28,4
0x0e436ad072ddcf0305046c9cac44b812B74A8396,0x5280B7aD2aFF8872C4110A0EA2E919c616F55D19,0,0,1,1,0,0,0,4,28,4
0x0e948a6F8EfF5d1595A8eaEAEb07161A4edFe8Ae,0xe0a7373C41395c71345C48aBaC64e71A3a0C38E6,0,0,4,0,0,0,0,0,0,4
0x107D2f32cf06639C4D7bE5AE11498FFB96464fD5,0xa07f0Cc0103BD9485ce9fCD2dD934369565b7D36,0,0,2,2,0,0,0,8,56,4
0x11FDC6c0bec40DF6c39f62865350441E30A1e5a2,0x9C796C0e89C0C2d54539c4AfB487e0f954C68802,0,0,8,8,0,0,0,32,224,4
0x11b9169512E8f1d1dD404A4930e64ED712C582E3,0xB6AA1a76D21fffaf677A89960C620d897672BDA3,12,84,3,3,0,0,0,0,0,4
0x148aa878E2A9Fa898ef96492A24697a921B74688,0x1A7d31ceC3EDF4b1CA4641fD66FB54f2ff5e64cA,0,0,18,18,0,0,0,72,504,4
0x14fCd50de18EDB499727D43e7bBac22c12CC67D0,0xcbA537Db4903657a18092D7F58fe4D0f45cA2cC5,0,0,3,3,0,0,0,12,84,4
0x15113A77B7dFE2F0dF8cAa7f3997811a6Ae087f9,0xc6D36074d4401D25FC0fDC6e5060413F1F283B52,0,0,1,0,0,0,0,0,0,4
0x155cc72801817589c388beD27Ab3678B42a744E0,0x49b8c8fE284919c8899701816C737AE5fbD7e26e,20,140,12,12,0,0,0,28,196,4
0x16E3a75Ff094a6D084E873265a2Dd3D3B5321225,0xCEB90B4f80F585dCed3B9a5fC7B28485CaD15cb4,0,0,8,8,0,0,0,32,224,4
0x16b0B201d92499619Bd28B02E7718971c1849FFc,0x0DAFB148a4d7736A3D4E4842e667EEA437536974,0,0,6,6,0,0,0,24,168,4
0x17208d13C1B60a2532A5bD02cc93dfAC9f836c05,0xBe094d13660eA8F8dE64825c6a5B07627786bc7c,0,0,2,2,0,0,0,8,56,4
0x173F639c8c3A17BE20d32b7551894B9F96Ad647A,0xAB6c1caAc1FA34fd018A1b483b59133A1a50B66A,0,0,16,0,0,0,0,0,0,4
0x17f150Fe44BC7f57F241a0dDf39D66D5a6FbAEC8,0xA8A6914dBa281A03A03239B26De220DCe7a93785,12,84,3,3,0,0,0,0,0,4
0x187259033a0D8A801d89aAC24E53849083215BaF,0x35f8b7F8d31c50C830B8f84bF8B42C966803140F,0,0,1,1,0,0,0,4,28,4
0x1aff7c95408366749369BBa1BE68584c35F3A90A,0x89Add4fD07415dEBB31dDF8b1c176d1b0dE0B46F,0,0,3,3,0,0,0,12,84,4
0x1fFC637F51078e1a579CaC748Cca6450F6C2DfdB,0x5Cf978c59BC3C698e49D2FcBF8B5780C91c940dF,4,28,1,1,0,0,0,0,0,4
0x20203A66C58F48c8b63cB4Aa25Ee050B0fC7d3Ad,0x195A4eD80Bbd1eDE3b34E5A39a044B96FDc6930C,0,0,1,1,0,0,0,4,28,4
0x202e9C76B39F7E1e67F7Cb4F69b0b208491f7514,0x1E042c7f7C14c867023440427401d3515a00F5e2,0,0,1,1,0,0,0,4,28,4
0x231456D1e8eaF7Fb20b4492C28e44160c1519B76,0xaDe6f3F62DDF5a6F8b17559FAcDa10779D8BFa38,0,0,2,0,0,0,0,0,0,4
0x242B71494fB4912b372f39E0B7232A7E0f858089,0x7e077B18392Cea7F96e2Fe5A7e1b620867a7F606,0,0,1,0,0,0,0,0,0,4
0x24b231f6296A65eb43f4232B8ab1C19E6BBAd409,0x69F4977ad6345124e0a0D6BaC308348dd370606B,0,0,2,2,0,0,0,8,56,4
0x24c42D10527f8Bff56dD618cdaaD89295fCF5a4B,0x8012EaeED0425A8368AcaB728aDC594013B30d52,0,0,1,0,0,0,0,0,0,4
0x252926C1FAEdB6c576a25C64F32334859C333b91,0xFdbf9c88D1eBeC06744989a0A95EC1e98f2EC5d9,0,0,2,0,0,0,0,0,0,4
0x2571149F71228A4b91F4Ed6ed5eF9a1618BFDBF9,0x5195A1658742efE0f9D46a831f038b4f3D54a205,0,0,1,1,0,0,0,4,28,4
0x2642d9f76D547eEfBE53Bf4c2dafaFaBDF135655,0x568bdE91796ea322Bc1DEB0a034bBD23FA73625F,0,0,2,2,0,0,0,8,56,4
0x267c2b3B1C8ADAABe510d9cBd1519b9E578d57F4,0xfb2A6Bf7C63C3823DB77379554fB7e9024d51720,0,0,2,0,0,0,0,0,0,4
0x27c3d6d64296f4Bd5CADE79c878E108a4c7c7D42,0xD2792Dc00964B2aa8ab97cd2877F02d516368340,0,0,3,0,0,0,0,0,0,4
0x27e344ebbf901C23924a4944d6E945c1b7DC8819,0xd9AA80433dD0337C5eb471aA3808Bed584D07B4B,0,0,2,0,0,0,0,0,0,4
0x280aa6264c5B362D16Df93bE9a030fe38C17B1B9,0x6c6875320018C6ED5f889099bf73641c4F59c0c4,0,0,4,0,0,0,0,0,0,4
0x28f4b296cA87682fb1254033121D685FEaa7537a,0xdAFB347aabFF961e8EC07eBE05B31E225848ADbe,36,252,9,9,0,0,0,0,0,4
0x292dC33c4a675Dc710276deB7d256C0621269AE8,0xf4987281483bf10278d1e4FA0Ad4470Eea367E72,0,0,1,0,0,0,0,0,0,4
0x2A0397aE7b1FE1A536492316B25d9A10992d3024,0xaC9DA19b26a63f7F34033688C99e1997CdF09aa3,4,28,1,1,0,0,0,0,0,4
0x2A49ee6eBfD0149C62DD1365431967a15E6143BA,0x8AF2565bE72735484c1114a856B5C96735db1eD6,0,0,175,175,0,0,0,700,4900,4
0x2A5552663e53a6B807c3615a625496f265cC0774,0x1f92eE8cf6483677C0c6381C48e2Bf272764f0CC,740,5180,185,185,0,0,0,0,0,4
0x2Bf8800F5ba6c5663d2C5783c80732675195f5f1,0x10515df249fEf92b9f95f11b3221817E8B4483d6,140,980,38,35,0,0,0,0,0,4
0x2D21E1442E4763EC806539455b971d74Dd6e33f0,0x2efdD6f52e5f287D341C1b24c94574164190A304,16,112,4,4,0,0,0,0,0,4
0x2D4ca1Fe4b201d26e4B905ba77A4f910b2EBcE17,0x72302c3f317C9a151875013265dDE10833b82073,4,28,3,3,0,0,0,8,56,4
0x2DCA2A6de4955fAE58210e13d46D01B1126ac364,0xaCfAd9f0D80F74aD7E280A55eA025f4f09844B0F,0,0,1,1,0,0,0,4,28,4
0x2aB7c535b1875a4212Eb41e45a905d5F72495B73,0xF3baF4447e6E66033c889e18396021085A0F3289,4,28,4,4,0,0,0,12,84,4
0x2c3F93b90010d7D0c72A50D308f4056a90C73E17,0xe60F824760417e46E707ff61c5DFdc4AbE66f648,0,0,1,0,0,0,0,0,0,4
0x2d30eB165bBD226b4EB5d4FE5F972b1766Cff977,0x4aC9748DEFdDf36167600Ff352F4C671749A7AcB,48,336,25,12,0,0,0,0,0,4
0x2d84269e8c35D220f6bFC07074BFC1D67aaD3560,0x15e93b64D24D452d7c8FF6260D33D5265F5f38ad,8,56,3,3,0,0,0,4,28,4
0x31d871D06111bd805b291F46864637D8D176D51F,0x639291aD42F2b02A28Be2C2654573a1a4BE3cBCc,0,0,4,4,0,0,0,16,112,4
0x334a09261cfcb5874a955e4853FcE90BdE11D4ae,0x02523F5c440f09ae533600CfC0999ce30df2a523,0,0,10,10,0,0,0,40,280,4
0x33ee9a47Ab32b8D0F3FEc21eb6b5Dd0B1e4FA0e5,0x8BEf855BbEb55Dc9F651f654324b3D3c5908db75,0,0,5,5,0,0,0,20,140,4
0x340a8E4893cFEe38F6d49C22a283C7CA49431eCB,0x08C19906f229C0D4f42C8751D57dC07FfaA61F56,0,0,10,10,0,0,0,40,280,4
0x3498e8A0BB496Dd801F9a46A867ff3DeC314b9Ad,0x9b0870090d7d25e20Ac499226b441595011933d9,0,0,4,4,0,0,0,16,112,4
0x3597956eF12D6f841855D3f97F193152239e24cf,0xFd437593927C5E42Ed577cF5ff237Bc342872c0D,0,0,1,1,0,0,0,4,28,4
0x36cac45b796ba3A1a05C3761803f475CFe27F1ee,0xB984b9492b80325e09E7ddAd1b52Ac49d5808e9E,248,1736,62,62,0,0,0,0,0,4
0x371086F01f0210BF6cD24Cb21983B6E3dA826281,0x678cCb936c3b4F8D9421Af259e1A7236801B228E,0,0,1,1,0,0,0,4,28,4
0x37F6fAb61e720F372B5AA5B3965bf93142855Ab6,0x6bfc4003dE21c14D8d3281136a0843fc3eCfC8df,0,0,5,4,0,0,0,16,112,4
0x38213679572B497FF2eA70782591996FA0F127BC,0xb73589DB28DD69F18491399C859109d87bFC2691,0,0,1,1,0,0,0,4,28,4
0x3875Fd40236bf85a1DA7dF80E7f7bb163398e34d,0xE50e06B1B4136693FF34B371484504f9047C05eF,0,0,24,0,0,0,0,0,0,4
0x397D26285ac9e922Cd698b1bfE576d2D6253e92F,0x7bEC2D6c3dab89032b8219183E290C207450d334,0,0,5,5,0,0,0,20,140,4
0x398CE8f4bD0Abd06b82D6aF5c83914535EeA4da3,0x78F6DcdC3034BA9CF2Aa2B8e50021fdCE8A62ea8,8,56,4,2,0,0,0,0,0,4
0x398D873e823FcdfF7764fe49D322D53D6eff6931,0xfB8F29d43eF5dB85a4f80Afc63326fCa4169C7C1,16,112,4,4,0,0,0,0,0,4
0x3993A11D14B39a816E122E04575D867eb5fa2F14,0x9C9E7e6EF247D80CE6e4dEd2a9911B4746543E28,112,784,69,69,0,0,0,164,1148,4
0x39C3911cAd928028a40e7AE65BBCaB292f56E4A5,0x287A041489A735e51224229A9f997620c4f48c6B,3192,22344,798,798,0,0,0,0,0,4
0x39d19dE7D3f36992cA145d431Fc09b9Aa9928c4b,0x0A77C4B4EE9Ab193514b9d8bEe25d7eF09f4917F,0,0,1,1,0,0,0,4,28,4
0x3Aa4c1bA16d861646B64b69E90e59F28B40CB244,0x84FED786134Bd4feD31E0AAE2ddB57d89f9a6Fcb,0,0,1,0,0,0,0,0,0,4
0x3C3c0a6b259Fa55bA5ADC439Df1C107ec77F030e,0x23A5eF7196C0F6997CEdBf3B8a437F0D0F9Bd02f,0,0,4,0,0,0,0,0,0,4
0x3CEEA4A4D077C24Eaa0A24765b3F23143CC57bB9,0xff886445598d9427CE2C9b356Fa662029E8D4281,8,56,2,2,0,0,0,0,0,4
0x3Cb664484946227A0e6e7dAfD930DBFe3B86fb11,0x14F7BDD527e8316b0d4B16E00e8de15a1ae27d71,16,112,4,4,0,0,0,0,0,4
0x3Cdac283878B9D40ae559C827aCE256C56537a4E,0x01B615877e9425a2dDb1df44B46790f555B00430,0,0,1,0,0,0,0,0,0,4
0x3D978b8dE96583B3388bfD3aBc5Ff38562D52517,0xc09E7Dd73Bc821581B1159f2b0C1e3Ce42aA267c,0,0,3,0,0,0,0,0,0,4
0x3Fe49eAE720d868E878BC227e3B5EDcdeDBf46f4,0xc0E7C12756954454937943316B2Ad99e4eBE11aC,164,1148,154,154,0,0,0,452,3164,4
0x3b42F9123FEc85D13426E1d7593f3Ac2f563DAeb,0x0073c8a7e818C887A68f34055F78B86cbB7C6917,0,0,2,2,0,0,0,8,56,4
0x3eeDc0Eb271804Ec68DF9bcCfD565AA31dF2A9c9,0x4b0E54354d9932a37Cc54aE270a48C29Ca8AD70e,0,0,34,34,0,0,0,136,952,4
0x3f75221B6E67BFE82a2796096D522e156FEafA6C,0x33E1593232a4EA27e7CdE4733D000b53B47bA392,0,0,20,0,0,0,0,0,0,4
0x402634757CFEf54ee78b1E6E36a6Cf5454702597,0x5684B403d95f09B0C2A55cf1c8Aac22eF901469E,0,0,2,2,0,0,0,8,56,4
0x410A22B5c662B9e3A03DCa5672c06Ac8f6506B36,0xb3226797Af99ea83d15f12f9dFF1Cc0Be056fA0c,152,1064,47,47,0,0,0,36,252,4
0x4245B9d87B2AC9fb1c0d9517Ae7b01a025a47991,0x51076D63350F35285E4A69b0eD6c4763AF7d9B3C,0,0,2,0,0,0,0,0,0,4
0x44A7F1763c10e3901b08363962ED96546AF1Cd3e,0xbF6A30cb152977A18ADbD9b8387A16f4114043b3,0,0,2,2,0,0,0,8,56,4
0x46e5Cd357CD6dac27c707906E2cc886fBcE1674b,0x6C11b0fe7B8B9cb3B22c1F7056dB81CA10Fa9063,8,56,2,2,0,0,0,0,0,4
0x46e6Ee4217f750e2BAb65C8912f1f3c06f648bF1,0x88C79Ec9ea6D9b76525ada35123BFAE2e6362818,48,336,16,16,0,0,0,16,112,4
0x47b73A43a2979588dF06C616a7337D3a0B385f79,0xb15874BDCBa04d873cBf79bD8F12606e9A5Ca079,0,0,2,2,0,0,0,8,56,4
0x49177F3f4a5E9591791D5418A6fceCD3E301080B,0x751683968FD078341C48B90bC657d6bAbc2339F7,12,84,3,3,0,0,0,0,0,4
0x4938a3B69dB009CCbCAd978F656F2eCa37Bd1AEd,0x344049488813D27Cd46A4e023122f450c592f123,0,0,3,3,0,0,0,12,84,4
0x4A97717085bA68B3BcfbD4b00F2a221dFc0a369A,0x97697E554382C883B37cE4478A2eFec1F79695F3,0,0,1,1,0,0,0,4,28,4
0x4AAbA51421402AC6d6E9d956BE16b916210D791e,0xA4baEe3286d6Fbd4263f2476fbd64Fe2e33100ba,4,28,1,1,0,0,0,0,0,4
0x4CE5D4e9C6b12C2E2Fb9E7aC39BB9407c95E2e84,0x215Ee436724deC41bD4ee9CaCB8900D886E02d08,0,0,1,1,0,0,0,4,28,4
0x4E17015EA1F9E736E0bd8FD77BA7E4C035f973aC,0x8B470Ae39dAD2d86F058300162456288273549dE,0,0,1,1,0,0,0,4,28,4
0x4EC9501eb17EB4940321949A48AdeA3577be1b83,0x06f2C632410bd68003d7E239a61cB9ebD0d897Fb,0,0,15,0,0,0,0,0,0,4
0x4F4a75267902020f8EDB257c7b759118fe9ADa60,0xe26619289d76d5fC9cB254f87d23F98C10Cd8A08,0,0,1,0,0,0,0,0,0,4
0x4Fb8244BFC58ECc251DeC763A556EA9F0FE59514,0xC302b5E8B75737b2bD21D2af8CEF7C671C8d1b3D,0,0,2,2,0,0,0,8,56,4
0x4a1D58B784bf1808472F108DBEF2ab41c97C02b7,0x561c495C0B0371bF48c205438a38ff0F505736ba,0,0,13,13,0,0,0,52,364,4
0x4a8A46FB5f7DFDFf74eE083B71AD765eC5a41513,0xf654B4717e76147580F8F6dC26983B5A489b907f,0,0,1,0,0,0,0,0,0,4
0x4b66f1cedA1C3F38aB9edB5C22EaF24a2d13B97d,0x904578Ff2e43A01968dc644b82D512bcE439fF62,0,0,1,1,0,0,0,4,28,4
0x4bE2a5122A95a1A2039E3416Ea4d64249F04f765,0x8397d0Ae4764CCEF8062Cb863c6636A3421936A3,0,0,11,0,0,0,0,0,0,4
0x5061840caeE4439eEe98Dd0EcA18249F2F2F52A0,0x30348d400bAAe4DBa489661895fd828e7d8c3a50,0,0,8,8,0,0,0,32,224,4
0x50986F9D79B00f16de4a9b6a10B27D6F2023cE25,0x41FE9Ad6B3216D8Cd2ec0401b2173848F0C863C2,16,112,4,4,0,0,0,0,0,4
0x5314fb0ad8c6Dc05235DF84d715f023E3847387a,0x505b0Ee7eA91557A586122e2cfaC44A9675b10eb,0,0,4,4,0,0,0,16,112,4
0x543DBa54e98Feb402dc11a4aD476C9aB892E81dC,0x7818614Ff330B1c5C0C00f10710412f48927D1c6,328,2296,125,125,0,0,186,172,1204,4
0x54972d3994f5B1a3b802129E71F5532000F27B18,0xED8Da4DAF5B1b112fD27123ca414496cf033A3bb,324,2268,109,96,0,0,0,60,420,4
0x54f3c408c3FF48e45c4aB1ef07Eedd6C58565dba,0x2813E39c8B49677C078180b680d882Fe1169B8AD,0,0,4,4,0,0,0,16,112,4
0x556C4160df4fa6fB3C17cB37bF8FfaAc057D999A,0x140d0F30c1115cF0d9C11B160c18D351b4298900,8,56,2,2,0,0,0,0,0,4
0x56F45Fa3E02162b6F2A4d00950276Add90ec9EFa,0x657adEa95e7D3923C6fb9E387a1C73948cf459BB,0,0,2,2,0,0,0,8,56,4
0x575D3264d304EB70ab131fb9ca252b214fE9F15A,0x22157C72aB16A98897B923F9A5819449a7e2e877,8,56,2,2,0,0,0,0,0,4
0x5790bbce7DCaf2600239c09C5e5c8b9231eBF927,0xfB8190Ff376b0E049A613d1e634069b0d0Ea0EC9,0,0,8,0,0,0,0,0,0,4
0x57b14688D6E1ebA6645465A8820369D5fDa39cdC,0x312c72E52ad93086A6bAE755f58907Cca309d033,0,0,9,0,0,0,0,0,0,4
0x59590a3ae46658fF842306f95F3B368c5Dd5384e,0x914E01646Fa970358f4Eb82B2918d5256052E64A,0,0,1,0,0,0,0,0,0,4
0x59C61A4a5AeDb9104dC945777652678F25d9eA81,0xF1447ef0E528dBCD3cd1DCA1B3545A62021C5A43,0,0,1,0,0,0,0,0,0,4
0x5E87F9f4454FF90495bfE9D7E65B927693Ed8e98,0x05c349423313250d3Ff8a678f948618254dEbe3A,48,336,12,12,0,0,0,0,0,4
0x5F1127e0436D6cBE609ea2764310C7409f75704E,0x22758B06212A439CAe9bf945c3F83E61143B00da,0,0,1,0,0,0,0,0,0,4
0x5F19d09553B513c383e8e6bd3Ab9C67F912B0bf3,0xaEfb7da80eC25f4e7871A4bDC9Bd8e9Dba94d643,0,0,64,64,0,0,0,256,1792,4
0x5a9C7a86e141485Ebe9Bd510F08d3711bc72FFdF,0xA634642323AB9E64962A18ac7CF404AfBA818B3D,16,112,4,4,0,0,0,0,0,4
0x5e3EF49aabF836c8c30ec53978E4B88Ca006B091,0x92BA4c262Aa68426D8C7D6C85e03Fc42B34721Aa,0,0,2,0,0,0,0,0,0,4
0x609391EEe517fb2dB9Cf7262B0FE5EC2A1410484,0x7F716571bE27bad9e9Cc6252d361c62094539360,0,0,6,6,0,0,0,24,168,4
0x60F55f15CBeaFBe37c9Fd918aEE3A08d05d7ed59,0x240371984a43B833231A0D0CB44efed376f4aB99,0,0,2,0,0,0,0,0,0,4
0x6125A75CdfA947CF4f7Be55BFB02F632957F13E7,0x67A39a5963366298D3697F9E60529697470a5F76,0,0,2,0,0,0,0,0,0,4
0x6192b6664CBDBB16Dbd39c817D34f9a47bA197fe,0xc5a405AB7B0ee180Cab38cD73abaebf20894E111,0,0,2,2,0,0,0,8,56,4
0x61F76BC6F04D19BEaeC73BcdbDA4B1edE8d8cd29,0xA5f740E21b4B68f8aB662F64Ea93A7cb0F1d824b,0,0,30,30,0,0,0,120,840,4
0x62DF03a1e9342e380a21930B75051C14bF29D641,0x4201ffD873A811C4DFa19e16E36926Dfc2ab0547,0,0,2,0,0,0,0,0,0,4
0x62b90BCa9e9668f2C1e7Cb1a9dAa3BC41D7E00F6,0xE0f2DEcA491F66EA16128c42211d9F6819b48b92,0,0,8,8,0,0,0,32,224,4
0x6354446c7f7Abb5D7ef434CD6be2518EEeA55992,0x4DD01C76D1D1053CB12e5a3604118c6b49f223DC,64,448,16,16,0,0,0,0,0,4
0x6394C9E9e2D5f2a14EaFa5614b8254a4a7c0A924,0x4E847058d41A4b5552dbD66d64ADcBAc13304bA6,64,448,16,16,0,0,0,0,0,4
0x63D4bAFcA9E70f862FF69aB001cF31E41ab2ce2e,0x9F2DB4814f5F55Eb69Df5882381a16116021D08C,16,112,4,4,0,0,0,0,0,4
0x643Ed728a1745d886CCA8c3fA6F955131d5Ae28d,0x9D6F963236BFD5863E88142c4140C6F16683A84a,0,0,1,1,0,0,0,4,28,4
0x64cb5817D21Fe30Ae7d05676e365Ccb0378F9A57,0xb9B83104BECa10b14e109A2Ac49d0F9a481FE8e3,0,0,1,1,0,0,0,4,28,4
0x66e20bA42b71bb51B2B1Ef02751a1055680793ba,0xC2392cbE1a23c755Cd4c197D8F31CDbd678D80Da,24,168,10,10,0,0,0,16,112,4
0x670d826569e4c504F942314fDAb620711Ca74186,0xfF6F4D392766eE82F7Bc9059fBBb58946A22d299,0,0,25,0,0,0,0,0,0,4
0x6823548E0487FE5fa03dd41B2E2c943e6C05a733,0x35A4F2B135E3C1b49F16e3c8D6aCCDccaa98b6c6,0,0,5,5,0,0,0,20,140,4
0x68f47397B8B665bEa18D8205e491c21d2041355E,0xDb32056f04838553D5c336D7B6C168AE4e0fE1d3,0,0,2,2,0,0,0,8,56,4
0x69366E127515e0354e604eBB0dFB6d5df1111379,0xF01c85E7123514B0e262711Bc5e75e1A44Ade5f0,16,112,18,18,0,0,0,56,392,4
0x6944161Af4b898E75f7424d5E35CF735eBB176f8,0x5C3FB4831afCd118c208BDAe3176803abf78CdF9,0,0,21,0,0,0,0,0,0,4
0x6961569e9E72eE271DEf3f8DC137855e229932A9,0xC3400D3536a08f4Cd75a5d7120A92ec24d2AaF52,0,0,30,0,0,0,0,0,0,4
0x6A781EC10Bf64AD1f1e36857a52792cB2C2b3Ece,0x3f0Ea7DE2fB5C64F4cb621Fe40F9Cf08165e8f3A,0,0,4,4,0,0,0,16,112,4
0x6D3cad7445B4cC17714ACaA35C81ACBf8d1e2B98,0x6261309D7C9683DE5d9664b025d94fD702444ae9,4,28,5,2,0,0,0,4,28,4
0x6F1126Fb9A0424B535a1e963825a01F3fA9e85Ac,0x49845c74912745f81FB19f9af9A99ab6314D3949,0,0,2,2,0,0,0,8,56,4
0x6F9DC32c23139C4866D884121bED649c15Bf1BD1,0x38362937B202Cb3e28cE71bABbc68dd265B9638c,0,0,200,200,0,0,0,800,5600,4
0x6aBFEeA929bD250f20B344c831135Ce8A627195E,0x38843807e3B163fDA60651f024AC9bB034b7E280,0,0,2,0,0,0,0,0,0,4
0x6cA73E1C2e447026227F7AceAF1dcdFBcF75849C,0x94fd1407C04fA0FAef55061E00046c1468674e07,48,336,12,12,0,0,0,0,0,4
0x6e3d75F9de07a27697daA5db74AFCD3A03ac5F42,0x01EE7189Ad3dac344D2FdCa6EE119A6318a677c9,0,0,6,6,0,0,0,24,168,4
0x6e607a4b0Dc7FF62d035F9E54FC33bAAF43A6245,0xDcd28F3E54773E70AE3F8d5866CD5dc2008f78BC,0,0,1,1,0,0,0,4,28,4
0x70F519ce921aA76cEB869FF39cF070C5B86F0e4b,0x81d87792FE3166eE2DbA504bEaC4403f126780d8,0,0,1,1,0,0,0,4,28,4
0x72A6a17fADaA0d70Bb6887faf163F0Bf294932d7,0x5E64c7c1bb368349f484799B79030665778AbB79,0,0,1,0,0,0,0,0,0,4
0x730b8e0438B739E0D1E969743f3669ab178A7B9d,0x24dc0E7518951a5e547f0FC0f0bD93F6f43EbaDA,0,0,1,1,0,0,0,4,28,4
0x7479E9a3D36Bd74f8cE89F284a50DEafD090663D,0x77D189eE592BA7316e1dCc1cAe3f8D0f96604A27,0,0,2,2,0,0,0,8,56,4
0x74e722d3A0373787228bb74dc829E735AfaA74ef,0xe38C2bDeF33f9E0839da75d361aba8F9B43827b6,0,0,2,0,0,0,0,0,0,4
0x756e6546018bF117D2578Ce6B909532e5a23f328,0x68da5D38cA970d8D313e1441d9afC7BFf2fF3664,0,0,2,2,0,0,0,8,56,4
0x75955D4867edeF5aF5846DDDB2a1a71b7bc6Df10,0xe3a7d69f3d26Eda204b29C01A6847de786B29693,0,0,4,0,0,0,0,0,0,4
0x7763C7f19477A719223Ef5a0992a1d172EA8c29F,0xCE68E8B3cb783F104feE439A9Fc20997356B1A77,0,0,2,2,0,0,0,8,56,4
0x7B7FfA1D358f69d7AFE4439CA25766ff00b7066F,0x4d343a7B6b1Fcb89758f3724a0e7cfE7e0C6c6B1,0,0,1,1,0,0,0,4,28,4
0x7C83b68b2998eb3Aaf5715da9ea77FC817Bc6a73,0x3DAc9a314BfA24EE72E4C0b6f7556Aec3612ca73,88,616,22,22,0,0,0,0,0,4
0x7CaE22a19D9DB483A7A76e313c2b34922B2235B2,0x8DDfB8D43244E6b9936B08928892EcB6921CBA34,0,0,4,4,0,0,0,16,112,4
0x7EB3b28EEFe1B25aD5257318710aBe6249aabdbC,0xBf38E65c13a0a179AC73FCBF78771Ba334496CEE,12,84,3,3,0,0,0,0,0,4
0x7eA108a27Ab04Ac1eBE61F58570EA02c7F5be252,0xe56d89Aebcf46176C3182549bB43b0Ab537139bb,0,0,2,2,0,0,0,8,56,4
0x8041F4fECC8C92dD4BE86cB1760D304c1f2c6335,0x37D0bEF7c3217a6494671Ec05d762f355304738a,8,56,2,2,0,0,0,0,0,4
0x809Ea47B9e54708C3b41057D3431b0659E0d5Cb6,0x8dbcf60850BeA83180B60Cf6d9508bC4064a90A5,100,700,25,25,0,0,0,0,0,4
0x80A6Fc45dd12EeBEd3E68F86be42A40fAEcFe050,0xFbEd2f322c918363F6E663E00e923574027C5231,0,0,106,106,0,0,0,424,2968,4
0x80f8Ec16036DF5A8843137230e43896582be3643,0x0853C9E7b688a4651a4D5eBA249b6193047273D7,0,0,20,0,0,0,0,0,0,4
0x821d1D843C22609E8cBC1DF852378f400bAa0074,0x421fC60D1E0E7C2B7CE7426f96805ba19943753B,0,0,3,3,0,0,0,12,84,4
0x8236d80c86FF9F8168a174B86Da7898E415E27A6,0x279C250580FFe2C38E11681Aebfc2e24eB5ceaE7,0,0,10,10,0,0,0,40,280,4
0x82e01ab84EFb00123b9478164668Ec8224AA34d4,0x74B9a66E9b12145C02426BCe913BFd8E5850302A,48,336,12,12,0,0,0,0,0,4
0x8351eC91fa0f98bE76656596a1E4FDD69f6A30Ce,0xab331A3cCfA7C5d3b42eDb522FC6878b9D3D9c1d,0,0,5,5,0,0,0,20,140,4
0x83d5972fB93A3BB0dd26e365d030dc1003FDc26c,0x49AAda7c1eB953b82f2224955aE1a791B6332F1e,0,0,8,8,0,0,0,32,224,4
0x84ffC4FdE074c63a065328a850C8C56dfc448949,0xff595948173341bAf2C330C8e43d3Df13b05A74c,0,0,1,0,0,0,0,0,0,4
0x856b5e6B28B85ec8c3e2Ef4e49c1Ca54ad50E3Fc,0xF6D81c0953C517535f7630e65Fa083164ac1847A,4,28,8,8,0,0,0,28,196,4
0x85AAE9B1B4016E46c1e23761f14d2Fb768a868bA,0xBE936343380cead4Ba08935302521a13411a1159,8,56,6,6,0,0,0,16,112,4
0x85B4E95CfeEE1ab6EF647111308C81d90e242aCF,0xeE2283CD0c239f67997d7a9768d5649a9131C270,20,140,6,6,0,0,0,4,28,4
0x85eAc9245447D4eb96EF0FdfCE40c93E525cC734,0x700C3Bf9a30F563d08524947dc3bA868A831A4C2,0,0,1,0,0,0,0,0,0,4
0x86886076B99b7c65092f180FDE8318F3a2fF5595,0x4684B22F628FBdF2129C2acF86E803fF8E52E824,0,0,4,0,0,0,0,0,0,4
0x86cb5e1A76916178293BB508498Bb0108FeB755B,0x1368318aEb77223A7817FA0Dc5e666D3F10Ee474,0,0,1,1,0,0,0,4,28,4
0x874F4E2bb80bf1c5Ddf67128673269F8E08419aE,0xDB21B164A38a5eF18bA33E6A61BA192B3649f879,8,56,3,3,0,0,0,4,28,4
0x8757206F757DE5cFF43E04e745e44fCeFEF91462,0x3039bAb88dbFB2aF859F8517B4135589eb08A448,8,56,2,2,0,0,0,0,0,4
0x89EdEB54Dad88438D951AD958DB15C7CebC70FC1,0x26c6313979Cf572242D7246752694FD72D75660A,0,0,8,8,0,0,0,32,224,4
0x8Aba615EbF656c9832610d0F74f5C4e0bDac88c4,0x66283163ACAb1BB1aF6b6cE7E05e1C81E1328e32,40,280,12,12,0,0,0,8,56,4
0x8Ae5cbE85Af0bEE492c07f61B07A7e6e1F85e243,0x3Bc70dFd2faC1A2117Dc8B0bcacF93fEcF63F1E9,0,0,1,1,0,0,0,4,28,4
0x8D8968327eF5B1a80A28e9d810c49e25723ef520,0xf68535EB651a6527aF9987a0A33F45D3c8a63474,0,0,3,1,0,0,0,4,28,4
0x8b20B3732B60852c3d5757Cad1Eb3D73b8D6bA2f,0x3DC0f51F79B115C9755b51642ab73840b5a46f22,8,56,2,2,0,0,0,0,0,4
0x8b6c3dF877536dA8ad9dfcee4CE796A93e67177c,0xF24c35870827e485b196EB8C36f402A2415652bb,0,0,2,0,0,0,0,0,0,4
0x8c121B1a4d725120529661CA7763Ecf980Ba88BA,0xCf9237CBc2Ea53738376B6c9e916bd189A65E543,0,0,2,0,0,0,0,0,0,4
0x8c73122bd9271def27f9d5Ff24b1555cE695e318,0x5D42F7FE3611f1cfB5d879f6fd2b8896AF58Cb6e,32,224,8,8,0,0,0,0,0,4
0x8dfCB9f93373Fc8A5Fc56fDBaB78B88366892DDD,0x6A15b1C6A2BCFcA145CECcF4dd967e75bCb4AaAe,0,0,6,0,0,0,0,0,0,4
0x8f74E925a69B5A4639323E70FF07ea22B3072F04,0x54100239b1352C596476e5097b008883Eca75C32,48,336,12,12,0,0,0,0,0,4
0x91B18e51cBf2cd9712dA7e6f2209EDc8CC4f8286,0xD5c5625499125EC9bacfD72a0f9cF5Dbd98Ac5fA,12,84,4,3,0,0,0,0,0,4
0x927771A34DcfbFAa0db53683F78fEA5537Afe9b4,0x27DC67Ce834803A02f4aCF407db3E653Cf22c279,8,56,27,27,0,0,0,100,700,4
0x9458497F336AB81602B9A7F1241D90d39e0F38F6,0xcd657d8F2E5ab70372e2700bbd6474413fb63871,84,588,21,21,0,0,0,0,0,4
0x946B59dD4Fb701e3078f38FB82c713c81FfD1dB7,0x90909C984752d9D293cd867B3ba2a11a700d80C2,20,140,5,5,0,0,0,0,0,4
0x94991a068ecDE02DFab9042B9afEDA847CE858ec,0x58B044b39D900aE283C0255986Cd2B9b4F8a68d9,0,0,3,0,0,0,0,0,0,4
0x94F31A996aCD928fd65b3cB797D792bd867CceC3,0x05B5d811536b43a0fa1e9D3092990D7D559e5Ed1,8,56,2,2,0,0,0,0,0,4
0x9777ab70C7F5925Bd97739365c3e6E9a63eC9Fb8,0xAE8E389E2940D937f50De697f350DD86f8AEE93b,0,0,4,4,0,0,0,16,112,4
0x9802eAA903C1c39B73a57C1b9C5C63e3875A6195,0xf01694EFb198EC23B6e050A9B0577F69101f098c,0,0,8,8,0,0,0,32,224,4
0x997D32ac7FEfdB784C7c7cD6944f68fEC2495b5b,0xd3A2FeCb575EEAb8fb48E22374bF59b66a09FaB1,4,28,2,2,0,0,0,4,28,4
0x99Dc921Df343Fe4619a438359b676c1D3F0F3Ff5,0x1061e7BD10EE7a4fb134A7f1e1DB3eCce5322Fc7,8,56,2,2,0,0,0,0,0,4
0x9A3327a9D22d8d51d103E7e3085Ba16bc6d1406e,0xf72E4aa8E7339fF4505f4d73Db0Dc7d2469Ba711,0,0,8,8,0,0,0,32,224,4
0x9B58c444689A7a3B80b1A3b9F60FB2439C8E2049,0x5e49514e6761aE81d876F85579143555c4449A24,8,56,2,2,0,0,0,0,0,4
0x9B6d791482053d988c6F846F230BE4a50Ece5000,0x3C97e9545012A53DcB597514578F9336719F3414,0,0,8,8,0,0,0,32,224,4
0x9C80cF5edeD46C2a9c9492AC1106e73e26C03E99,0x2A5af9A06c770F62A05C6D693FcE8a13567ad999,0,0,8,8,0,0,0,32,224,4
0x9ECb2bA200A5e08c0b8c2a9A797531dddfc70462,0x1eF43eE9095C821cfA1d202749833c35fA9842b7,4,28,2,1,0,0,0,0,0,4
0x9Ff7335E9df777813F781D169A0618E79BD7c561,0xCee6d17Eea7613060066027Ff38c9471b096e35b,8,56,2,2,0,0,0,0,0,4
0x9b889DA7e6F0Da5B3f545e77cf642DF003E6cF36,0x6d12864082A6eAf2123Cd104F7D838E407bEA0EE,0,0,1,1,0,0,0,4,28,4
0x9dfbd3d803772C5B40F37EDab498e66C6Fa8E169,0xF6fd4eC926d83AdaDd725E67D4005763832f4679,0,0,25,25,0,0,0,100,700,4
0x9e719e7EDDA6D3c500DabfE971c8E373b63C061B,0x7510A9AF6eFF83CA58D004d7493158d01F1948cB,0,0,6,6,0,0,0,24,168,4
0xA2bf96bdB6d68D1E6278cc5491516e2916E1ff65,0xF9Ca1B57B7AC5E64B803E844434b7357B2c19823,0,0,1,1,0,0,0,4,28,4
0xA43294e8Cf620F525Afe3e5E08720763ddCe524D,0xa633814DA3bdcf64f7e8a2D0a2bC6678dC3dC538,0,0,1,1,0,0,0,4,28,4
0xA52b1d05AcF9ecD56556F4cE89B28b20E9Dd9651,0x8dEA24025cF3080FE46af8511c1Be871302B2d63,0,0,360,189,0,0,0,756,5292,4
0xA59e63eEe2f1a8F0517Aa2ABa896fe76584c1Ae3,0x75974198aAa8de3B29EA6661f42E4193B730ac9a,0,0,2,2,0,0,0,8,56,4
0xA5f43Bc53976D966E40DCAB05b51dbcc08e56923,0x22eA6F42c8255517209171b3d555C0D6075e184b,0,0,1,1,0,0,0,4,28,4
0xA8223AAeC5156Ef96d87d3926bBA28830f0482E3,0x2f3D5F9A89CBAb5982C56E6146056EFb56d4647E,4,28,1,1,0,0,0,0,0,4
0xAE353e098D251c004fb2a2F7c1251042B9835289,0x08a6e85DE1e2E86C5024D499a54655E8BbaEB4f2,64,448,16,16,0,0,0,0,0,4
0xAEbB51307aA362Aab2F20d4A5652C8c35cb824b6,0x10D5d36376139e4d4D07C56d6927e13D05ed8089,80,560,30,30,0,0,0,40,280,4
0xAd1ECdf7FF65F762b11E9A4E73bdA89380905B63,0xfd42f4Cd3f64CFeD937FD102993d45309fB9Dd6C,4,28,1,1,0,0,0,0,0,4
0xAe5c9B4e6B511e49ceb2f822916eae74EF27FAF9,0x7A1cF8687d3276774c5f92987948A266181efd2B,0,0,7,7,0,0,0,28,196,4
0xB2441E1E0bf0f6Af87E62A3ecEf15a38d91482d9,0xB89f75448114B5a13BC744630786460ab12A15BF,0,0,1,1,0,0,0,4,28,4
0xB3815c0c2Ce48B0236E5411532Efd0747de31Fc4,0xfbe56603B0dcD0414E5A62E22641D853873471a1,0,0,3,1,0,0,0,4,28,4
0xB3b61C12C8DA4Eb1f351aE4A3aA007790C6D2a63,0x89077D530Bb088196a50E48F47C3Cab99422cE74,140,980,35,35,0,0,0,0,0,4
0xB4A70c2D373C1a1B5FdFb9EFa1d6E16C9200Dc28,0x94Cc222FFe02c4a4092DbBDF3FC9d16FA5235F2E,0,0,2,2,0,0,0,8,56,4
0xB5Bc214b48d54d065A64FcFA56aB74F0A3a7d5DE,0xf5DAa381B5f50286619464D217C301C4B17357B1,0,0,2,2,0,0,0,8,56,4
0xB6274778E418290E6c1Df857B1DbBd96e5a09032,0xc72963c940aaf4637C7b6bCe2dA8B03da49F2611,0,0,2,0,0,0,0,0,0,4
0xB6e7F62894F407Ead0c9E432F2f95dA8835cf722,0xd24142104f2A10A5c5eCB5b2f60A0441D6195677,0,0,2,0,0,0,0,0,0,4
0xB784C6eDEda8fff9A5c46690c7A7DD62Bb94ce70,0xAB435C2ecfEca8cDD27F8a3c079e5258b6E988A1,0,0,4,0,0,0,0,0,0,4
0xBAE92c6f2a7798C47b9F5376789189062a358c19,0xB42b6F485EA1872Ba5693fc61A3E0058498b610b,0,0,2,0,0,0,0,0,0,4
0xBB53dC534b2203b7BA8D3FD93059F0A2B401fe20,0xdb18011d572e7d45f563FB607756702Fbd5E3020,0,0,1,1,0,0,0,4,28,4
0xBC2861b0B01e412690a85AC7e33f26B87Ef798E3,0xEDb3E381B09493233FBdE60C7d66813FBeD7bDe9,0,0,7,0,0,0,0,0,0,4
0xBD1cf77299d45F61eC4281FfE264b5B9Dd75195b,0xb4325125089D7217521a803af896d0d8563DF545,0,0,1,1,0,0,0,4,28,4
0xBF6c130395F8031b3231c8F3019EBe4AdcF4D2fB,0x26A9a7b53F12c43040947CE80C35FCeA47414e57,0,0,1,0,0,0,0,0,0,4
0xBa38d1263e4D241967c06272c35bF8AE3f08e688,0x5dEc089D1784839ED12D339fA880d71A715f3339,0,0,5,5,0,0,0,20,140,4
0xBea1C9b1F491fef2a855DB8BAA35D6b53EF7ED7f,0x9DC303B0bbbF46449a6D65D10fc707c7EAf4f2de,0,0,2,0,0,0,0,0,0,4
0xC032F04A94C5c3bd3C264EbB9f1557E4D2434253,0x84ba027280cC6cc1e592a01270c5f21A494F46Cb,0,0,1,1,0,0,0,4,28,4
0xC06b82f4D00088A85BA449830692dBfA894d812A,0xA6b68820C86Aa8a6defebF0656850bf90A484715,0,0,2,2,0,0,0,8,56,4
0xC29E41c971E36417a4D23Cb4F696155e5C59a717,0x83Bb9cCd347e693C9E2180C5F9364dc8696fF6Cc,0,0,3,0,0,0,0,0,0,4
0xC2a62c6cfcBA21A863D594c28aE87D4690c82412,0x0770809C41191c00D860bb657E3E351ac5140876,40,280,27,27,0,0,0,68,476,4
0xC36944cce0a479f4e0D86aA1af251c569597DBB2,0x9a45679a9D665eCf874c5d169ff195C3C65e38E1,0,0,4,0,0,0,0,0,0,4
0xC46DbE2bAB2FA15aD4Fd24F69c04fF407EC5D744,0xe3e19df96aAd58a0bCF6ae7af0253204C3eDdd68,108,756,27,27,0,0,0,0,0,4
0xC4c55C44bb2E1A48F07E0dd42917447A7591d6fF,0xf1D1283B1a4daFe4F474d8b35dba9e05Abb0e89b,0,0,1,1,0,0,0,4,28,4
0xC59B46BdaDF4b9e63B279E89E762B84A33E5532F,0x6560557bbC710f6fBEee65EF3591C58D6E98B5c9,0,0,2,2,0,0,0,8,56,4
0xC5B951370A8687D7Eb138ade5Cf0cdd35F30BFD8,0x2C5579cadad9e7fE1FB0e23DC1d9525630606d2e,0,0,1,1,0,0,0,4,28,4
0xC64c1fA46A65c181C73858106eEc0Abb2539DFF4,0xf1fa250AFF945932D5333076151DEA18bfd3910a,0,0,8,0,0,0,0,0,0,4
0xC7b7C307EE213Df9aeEBd797ab54F2E63Db3687b,0x768487c8A86106dF97842EE1275BF33B77EC12b4,0,0,2,0,0,0,0,0,0,4
0xC93aB04aa82cF7Beb9417d1eac01433d4556155A,0x7E37d1400118126960a9739B7Fa9F1B3663c9e6e,0,0,6,0,0,0,0,0,0,4
0xC970F6AE512B4550549Eb12F6D7E83a366E4A5D5,0x795b4d5ABa640832b7321097363e5CfAF6a9d560,8,56,2,2,0,0,0,0,0,4
0xC9EfC754b637d4d818aCD0A57FFa3758d91Bba71,0x091bF7886bcBc28Fb63B952eDaA5e61Ced03e097,4,28,1,1,0,0,0,0,0,4
0xCA5Af041A92555687AbCf805953Bf0a5Ba6F2D52,0x10cF4E5ab74C976767B29C9DFEA5817c59f4B330,0,0,1,0,0,0,0,0,0,4
0xCc73738230A2690D1b4fDb0835845cf0d632E0c8,0x3d88948a9c10149c98080Af9e9D5B73792DD5929,0,0,1,0,0,0,0,0,0,4
0xCff5F7853D8a6d414e17f30Be2EF5b7ee642d9e9,0xf9C477c8F9205516502e896a7F8170b54e73CD81,0,0,1,1,0,0,0,4,28,4
0xD1C34E1d036d2603Cc65DDA01498857BAFcDCB4C,0x3984459879da9794d49Ca0d7545aD1Ee41668569,0,0,4,0,0,0,0,0,0,4
0xD4A5b97f24Ae7de6FC961652a05688F5Bb9bb19d,0x63d6F86BBa080DD7dE2304F6D5c7c044108dC94C,0,0,2,2,0,0,0,8,56,4
0xD4b5D5F071397b42628fd1E1D932F19a8Ce79A3b,0x54069bEe0F3C2ba85eB6016913e30f097E1e1B53,0,0,7,7,0,0,0,28,196,4
0xD68C719Ff010868B175D819A26c313F228C2854A,0x073AA3e73907382e092312b7Ab90365aA0b72E9C,0,0,6,0,0,0,0,0,0,4
0xDDCA4EC9AE3d02c7817399E08143DEdB51D44F16,0x2cC960c5b6B2688504FEBb716519416861a705B9,0,0,2,2,0,0,0,8,56,4
0xDd216589B39DCC6a4D697720Aa76dD0b1fDE1fC9,0xF30078D84Ee8A67daED104a8B13E806208CB0308,8,56,2,2,0,0,0,0,0,4
0xDe3bEFd5aa40dC302c0Efb0983fC512c06062bcE,0x261489b4D6dd14035f2d18337214cC50787eA54c,16,112,5,5,0,0,0,4,28,4
0xDf6728AacC44e806315b3beF135D80b5c200F902,0x3FBf3a36013cBbA7524Bd5342bbC0Fb3060892b0,0,0,4,4,0,0,0,16,112,4
0xE75264d3362211005047155E4Af3DfCA0D733A0F,0x5c63F786Bfc312cE718980e346F1Bfe8207CDf44,0,0,10,10,0,0,0,40,280,4
0xE7d15Decb924F11aAEEc1aaFE8323389785Ce233,0x032a3c209BB58535fFBeD870539F457D8a399003,8,56,2,2,0,0,0,0,0,4
0xE81506fED63892bcA180a1afa76c4113593DaCd2,0x03AD192fa0b2cBB67f1913F13CFb60B3E2eBf5CE,4,28,1,1,0,0,0,0,0,4
0xE8D28CC3fdF75dCc3245c457F6F237f5314A07D8,0xe44bB9b849D3b7B5fE638D3B895cD9b9fF8fF32a,8,56,2,2,0,0,0,0,0,4
0xEA8e96906ee043055F643337462ba536dF4B5B5E,0xBd46134D6060A1386A66793f46d5069Eb6be5e9B,0,0,65,0,0,0,0,0,0,4
0xECf80D01EbCDb8C6f275f9D20548aA9A7A15b0C0,0x22Abf9e968B2134CC1E2aE572267e0a916E82484,24,168,27,27,0,0,0,84,588,4
0xEdBF22a00cb63B5177064dF30A7cA77D00897121,0xD9c2D5c041aD53B8B0d70968DA88ECbF5E973Cd3,20,140,31,5,5,0,0,0,0,4
0xEf504d7808568613715c94bBa0B251D093E80163,0xD4b0625E65F7D0b417B6386421AF629923D3f5F9,0,0,4,4,0,0,0,16,112,4
0xF2478317635C56291191391A0647d0B1D097Af3A,0x8387C8109b21b8cB463240d467C0E781771C62Fa,0,0,4,0,0,0,0,0,0,4
0xF289f43E8c1C8b9441b4d288b44F6e73f3719A40,0x86DA974dAb1b3A58C0E7e7530e3cDdBF26C34662,8,56,2,2,0,0,0,0,0,4
0xF34F0873E4477D9D7a744C5Dc6d89c9ED57377bC,0x69FF8Dca3Da799A2104Fdd6bE4c1E8953c40062c,0,0,2,0,0,0,0,0,0,4
0xF461b3132Cb8721f922D28da4d83BBa8A50f07Ec,0x0E023AD32ABAe0fca425F787d4445871b4533e37,4,28,1,1,0,0,0,0,0,4
0xF4F7d306811a705b8708Ba4E4AA5c50DD6130D97,0xaC61ab429163d52dB306A07e63165fC19Fa41d7B,112,784,28,28,0,0,0,0,0,4
0xF52C1e43d2cDc630FDBC3Fca1e5F9e015D0D636b,0xaf03De35944FbEA9fFBCE686a35E2CD9967Ec507,0,0,1,1,0,0,0,4,28,4
0xF70e4630bb470Ca47E0C991B1C2c0DFeE8B4795d,0x09611B298FCf9351C8a83B2Ff0FCa5fa4468BC7C,0,0,2,0,0,0,0,0,0,4
0xF70f8AAa9F837A5eB963036243178E81B26CEeb0,0x9A8dc6dcD9fDC7efAdbED3803bf3Cd208C91d7C1,144,1008,389,285,0,0,620,996,6972,4
0xF7eaC112aa279dB5a2c2f77587b587d1D3954992,0xA7CC30320F5F74580feAD07fefA49a60F1D42E92,0,0,6,6,0,0,0,24,168,4
0xF95Eda8BD59CFdb5f20620bBFf9DC905f82EFbA0,0x75708F2056B6cefF3E1D67185BF552Fd023B6baA,24,168,6,6,0,0,0,0,0,4
0xF9F091bD6cc6d53Ce5cd3d4469aF0a975C030501,0xf12ba80aAa4C0ffB47DeCCD796072FCAb4193427,0,0,8,8,0,0,0,32,224,4
0xFBC10e6ff16dCC32ac9f971B65DA644bd0c65aEe,0x881b59875c1A7495983203AfD8e5E42734D73f0A,0,0,8,0,0,0,0,0,0,4
0xFDD68651Fb32E80919e7156aD84cc9A7ea195f1D,0x6C20b2192f208aE01AbAdd5e64562F10bd673325,0,0,1,1,0,0,0,4,28,4
0xFa37cDD3e2787eE64a688d7f6A43944E990d1Db2,0x02Ff0d793eD92d1F29225Ad6eA73b40D6fc6ADa3,0,0,2,2,0,0,0,8,56,4
0xa06D6c19E662A1f3608e259753Cd040395F18406,0x9C1609Ff0e0c0aD2c3d27E4f5Aeef85E57517064,8,56,14,14,0,0,0,48,336,4
0xa805395cd14Da055Ba3F05fF400bCbB68E4b66B0,0x7c96Be5E957B0b091fd0579fae3dAAB8Bd6b7916,0,0,1,1,0,0,0,4,28,4
0xa8A145779dff4556fA37AA271F3f1b08C3A310d8,0xC016f2BA38F78a78e69377FB7c43e27c306822bC,0,0,1,1,0,0,0,4,28,4
0xa8aE9700F19230ca8BeB04bb6ecD17f205D50618,0xF3d688E983859e63B7A9aFf400a8E1293665e2f5,68,476,32,32,0,0,0,60,420,4
0xa9d12EE45aFF9BAFc691dA59BC56eF9D5007fe43,0x063FD551870A5089726d6836537AE08ecc97F6E0,0,0,1,1,0,0,0,4,28,4
0xa9eB034b0dE946e404c65a3b14b8F7d0a24CC8f6,0x5964D47AD51ffb5C8CAD4dEcE23D33356D903e00,0,0,2,2,0,0,0,8,56,4
0xaA1B77f558955aF7e5DF8C20357F4065329675b6,0x53972A68e517dA93A57087ef30753c3A96B67D95,0,0,2,2,0,0,0,8,56,4
0xaBA524aC37db09C3B212bab69d4ec623CeFaEC73,0x7D7517dBD333B3549441301FA0f29D179ceaaB6B,8,56,2,2,0,0,0,0,0,4
0xaCe24f8f486D0437717b0E91486119e1554051f6,0x8122D5458A51127aff6293BB134033758EA370e3,0,0,1,0,0,0,0,0,0,4
0xaabC622455E489f27ffe18697bB6F09c8FeE7287,0xDeb61818c1Af9752b5FD0bC74a821b092e90Ef72,8,56,4,4,0,0,0,8,56,4
0xab34928010918829EcfBfb912f818547B8235C02,0x42562Acf058aCD039261566488169C96a4836155,0,0,36,0,0,0,0,0,0,4
0xab41cAcBE49c26993c4C33f2abd2a7633CdDEfE6,0x6f1576Cb1FA86876d33b7A339cEdA176bf0B62c2,0,0,2,2,0,0,0,8,56,4
0xabC1c1Eb17ab06de90f76ad7E64303815f4b58C6,0x352F55CB13D86DD471f2562F067801aaA4b6f540,0,0,4,0,0,0,0,0,0,4
0xabcD0a5B383D9910aBeD9bE61e9BeFEdF48d507d,0xD2c45Ab3b7C5EeEB152c951286D7711Fc5eCAB55,16,112,4,4,0,0,0,0,0,4
0xacb8ba3CB8A13E9545406A71a22646d2A68c9D30,0x610cC3d65661BEb71FEDF3ed14B2989cA972cf52,0,0,1,1,0,0,0,4,28,4
0xadD358a427C6C348e40440263b20E2ee15Ec7E64,0x70025C007fB9B86A1c205805987cb253B596FA92,0,0,4,0,0,0,0,0,0,4
0xb03A15f087DdEaE2C88c659BA24Dcca8f8609e13,0x2AA1d70C80547168b7524BCb727d9b1Cd6c66F1d,4,28,1,1,0,0,0,0,0,4
0xb05d065656d4c976Ae8D41714156aa420F54bAA8,0x8d6E1E3AE5ccf35F59bDD85C794ECe2CBaeA0842,16,112,4,4,0,0,0,0,0,4
0xb18208080441E2C2E1FC7744B975480e75519d99,0x4FCA54bB44AbE853FF884e8b5DE032a2cc058184,16,112,23,23,0,0,124,76,532,4
0xb53B09f305a965256d5B399D18Ff74f2C963D319,0x2B4e401574E443d7e8CbAC02FD60e2c2478f0561,0,0,1,0,0,0,0,0,0,4
0xb67dBb6e1a69d0A6d88ce63ff9725C4B18318Fe3,0x49C227AC6b5b274702f1b71e76881B8Df11B8EB5,16,112,4,4,0,0,0,0,0,4
0xb699d7EAF5ea699eF53ADa8a44D89920a6107FD1,0x8063551b65a693D95Aeffc23b27c6DA6aB267FD7,0,0,5,5,0,0,0,20,140,4
0xb74047DbF2Cd959D98769e75D80D8185B3240fBb,0x46C8acd7a3944a2180220Fd545Cf8221dc20e8AF,0,0,4,0,0,0,0,0,0,4
0xb83Ebe9fB207b78f1CEfF77EeF306022873757E5,0xA9912Becf8ab19Cf214aaB8F5E2155815990A676,8,56,3,2,0,0,0,0,0,4
0xb8F54C642056BB6fCd6B5aca3F78ffb8569438F0,0xe2aE058aB9F9Eae950566520c271650D2F5891F3,0,0,4,4,0,0,0,16,112,4
0xb8dff64ddccFd6cB8032F4D8cA930A36Bdc3c47d,0x216cBcD926ae527C3792e404e2F2fF57973D8459,0,0,9,9,0,0,0,36,252,4
0xbCC7bFCb87f699335885Ca58FFaFbA69E2Aa66d3,0x0a9117bdF7dDFD704a0983c2819f55ceCE08Cce0,32,224,8,8,0,0,0,0,0,4
0xbb47FA60d73dF77962f70B260b8AE6d3EF71873a,0xdCa75a8c1cdd0072FBe6b85a797cb34b7Ed8bc21,0,0,4,4,0,0,0,16,112,4
0xc0eC48417C28ad1ad061dA245C91e18C9c9F9276,0xa60a806db027a4CaF93d1cD55d19bA774FD309A7,0,0,16,16,0,0,0,64,448,4
0xc1556F1EF9249fbd2BeACD8e73556926FC885D3A,0xd06d2bB99830C24122f2551f28E534688A05c931,0,0,16,0,0,0,0,0,0,4
0xc2EA323c6bdF100E85d014929b7a1FF8420a9753,0x4f9DAFfa3Ab242EA906F6674953e42758f0597b9,0,0,56,56,0,0,0,224,1568,4
0xc2e10Ce2d11ba5D842239c3Ed609Ef404E4cA0b4,0xC7B158B10B0bB26bF0072aF363c04927B60342dF,0,0,1,1,0,0,0,4,28,4
0xc32505d69534C9a9e807aBF40FC09cF9e4c84929,0xa53A8Ae837b7502Aa96693007a2aDcA38678fd8A,0,0,2,2,0,0,0,8,56,4
0xc328cA0b35549d993674407EBF3C547A2984F240,0xB2a119051d124d225CBa4439588e1F10B00690DB,0,0,8,8,0,0,0,32,224,4
0xc3e817265dCEBB37FdcD3DEa98beC3f1C6b5d9c8,0x752bf2951a094284cDa5b644931209a184076Ef3,0,0,2,0,0,0,0,0,0,4
0xc451aA44d336C30d75A778b968467445A6bfb59a,0x33D3C08726Fe0BAdBA431D583E225912624C8bc6,0,0,8,8,0,0,0,32,224,4
0xc70b5228E7F0442DD93F8b44fc718F65f5cAb1Ec,0xD9A3F2B1b9A8538992d49E577B684e3e84aaCdA2,0,0,2,2,0,0,0,8,56,4
0xc9f3fc79116863E8365Fd97D00ea51F9329fe57A,0x1f060E36afd4e430B0dc4B8F6366a58F2Abb513a,32,224,8,8,0,0,0,0,0,4
0xcD5C31b69853d8FC5F347f1D29AC58B533937165,0xce0ed2D1F5F9a3a9565FF74dA87d7098D99c162f,0,0,6,6,0,0,0,24,168,4
0xca337F35D218fe8b9f9B592CED34DC73956dB145,0xb73836e4B4d02cD3622BfA9E00c131D412942743,12,84,10,10,0,0,0,28,196,4
0xcb45405E4ec86E64C39820789B591Ec33c460473,0xE13f28c02773a8b2F03D557560C41A64A7F07b68,32,224,8,8,0,0,0,0,0,4
0xcbFF4Bb1551fcaC60aE8fEdA141544902662526D,0x7b5F764A4Bc202f8aDE0A94Be2df4AD8747B7C7C,0,0,1,1,0,0,0,4,28,4
0xd202c88f4aa0A1C9039bE45A9FA9520b894Bbe18,0x135Fc07e43DFc021d1dc95bBC4A4EDf77BCC685c,0,0,1,1,0,0,0,4,28,4
0xd293C9b785917f81270f14fa33a9173c18AE7CC0,0xBAB8cf3957828CDf05180FfAc58bACa7D10E1D30,0,0,1,1,0,0,0,4,28,4
0xd2b3dd90a12AA8Dfaddd39881837803807db1093,0x3aA3075656df811A81f18b18E3A0De6EBEC97311,0,0,2,2,0,0,0,8,56,4
0xd497c7FdeeFA93Db36A55856740847964eb8Ce85,0xED9211Bc1529E7e082Ed1E0B4Cb22219dd8CAcF1,24,168,6,6,0,0,0,0,0,4
0xd4E4e04F54f48491a6024Ac0868Fe251d85A3B7D,0x2d2BfE2389B7b3779fa04d101f75a89F6A62DcD6,552,3864,138,138,0,0,0,0,0,4
0xd7CeDaebefbaFD182b7f7B73d12908c69bD1E16B,0xDe93E52df8D0971Fb6EFE155ad389D3b293d95E0,0,0,2,2,0,0,0,8,56,4
0xd8CfEeA756A6c78608fa483FBa0dc96D9Eb33eA4,0x706EA0B7a1B86D283671eef1E3199f5AD6D0f9D5,0,0,2,0,0,0,0,0,0,4
0xd8D949DE8475cD23924FCC66D4c0AF499F7CEbA2,0xd1892d3B28BB175eA4BCeCc85a1Aa364cE57E1CA,0,0,2,2,0,0,0,8,56,4
0xd8bE6eB9F43C1CA72e7cad1900d5ED68Cad9a8E6,0xb8e0269282971F90DdF7B6a78Ba6bAe627b15841,8,56,3,3,0,0,0,4,28,4
0xd9933f8200Ca14d3F9226E9E3E2632c7295A659A,0x50fDD8cA2a04B66230DD9FF892D89eB986B1553f,4,28,1,1,0,0,0,0,0,4
0xd9CFD483772c252b1Baad50d8592A952C2Aa7a20,0xCfb711B2812dCDfD293F175095356ea0da3A1109,16,112,4,4,0,0,0,0,0,4
0xdE50ac4d21669681a0446Af438b0261fB5f93D88,0x49D699E149D76d24e8Ba707F43F5B6E7dF78D96e,4,28,1,1,0,0,0,0,0,4
0xdE6a109307d840aa9Ffb0a7ce7F84D49bAD4147E,0x8dDA0A7754C09c2cB4b0fa70263B0aD364b18251,0,0,14,14,0,0,0,56,392,4
0xdFCed1cBc513C3d550267ecA0F86EE144AE89341,0xBA8F6508A699D67f446191A220026Bca956e54D1,0,0,10,10,0,0,0,40,280,4
0xda7a87C1f36EF55F4079aBBe5207B3a5CeB783EA,0xC1718E9739d83f764cDc27e2b4CDd4B21E9AaedF,0,0,5,0,0,0,0,0,0,4
0xddB825A19dD9f3531035C4E2a42b170710AcE165,0x3e45C44Df94d159B50c5752634c05c0e8E5ce643,0,0,2,2,0,0,0,8,56,4
0xe0F9f7AEb2F1f0C827035044906fe1C357E396Ea,0x4CdE259C77fCE161d6a6250371a3e56f83887dB0,0,0,28,28,0,0,0,112,784,4
0xe26e4e9d1A42877600c9255275FD1439C23d8528,0xE35854CdE18A3cC4706134b4850Dd861a55B9A30,0,0,1,1,0,0,0,4,28,4
0xe40F7a44f74B9bEACc64F9cFE132dC14EcefF923,0x0F617C3691Dd48E7d2F909d48197a9CB49696F1F,0,0,4,3,0,0,0,12,84,4
0xe53aaf695Bc50007a60FCD997181222636b6DC6f,0x1f6A96f59791C16bed6193565f47d8b392C4071A,4,28,3,3,0,0,0,8,56,4
0xe60Cdf497A69f0Ed0C4Dc66Aa4dBE85ea32B2C7b,0x26C6d1C9e44a0b8d6bc1941Df121649B2e3a525a,0,0,6,6,0,0,0,24,168,4
0xeBF0232C9B29B0E72114dE1d13723911f3C0635c,0x0436E78190A7865070495eAddD248dE8b4A59465,0,0,9,7,0,0,0,28,196,4
0xeFF5F39B7Dbb941B65eAc081DDebF39E96e6F354,0x00265763324F88567D61f10E75aa9b370967EFf0,0,0,18,0,0,0,0,0,0,4
0xed145D5D2A686D85802a51eb7038852fEa84290F,0x8fB569C14b372430f9aF8B235940187b449d0dec,0,0,1,0,0,0,0,0,0,4
0xf0B97ef86A1c491fD794Fb7853b8C87C05d26004,0x861C02906c1a57dbaD3243c76cd124Cd3789b282,12,84,3,3,0,0,0,0,0,4
0xf14dB14F588f984B432FB01260345080528e0FaE,0x7D18CEbC605766E2498a8B8fba5527C7881866cF,0,0,2,2,0,0,0,8,56,4
0xf4Ff06eB201F2080d7D9FfA756499094A3625788,0x1959eE824A1523A2264adA2eAF9839b0B8EdEDbB,0,0,2,2,0,0,0,8,56,4
0xf627Ff53F67C1d40E0d0df149992B7C07D097dbf,0x52168900AacD93234F90a47533e65d2c37D93bB7,0,0,6,0,0,0,0,0,0,4
0xf642E232f9A73B5D04E5677ea4bF04CE50335459,0x3831160457f35aB49bd505827430Cc1C2aC8135b,0,0,1,1,0,0,0,4,28,4
0xf66CBAFd8B4A707aA3E2A492Fcf325AE1fa46bb6,0x50224da81a32B03DB7E49929308D3B43Fc991CFC,8,56,2,2,0,0,0,0,0,4
0xf6A150FBeDf69a0221cD270A8643dC9A0FcECb9E,0x479814612B98E3A3ff85EB07ECfe6ffC0a864046,0,0,1,1,0,0,0,4,28,4
0xf732d057C9ff38c3AAb10091FC1729309b5803B8,0x93b000aCD8c64fA647246E85415665A4AEA5D3d6,0,0,1,0,0,0,0,0,0,4
0xf7fA7F45995F85482614E4c7FdCC037Cfa124d4A,0xec0C30500b5f406dCb02120078391F7003b159A6,0,0,5,5,0,0,0,20,140,4
0xfB75920e037176F361aaEb173547Dc6Db1fEb4D4,0x81654cf96ee8656Ab585913E3a4ECF2B1f563EFD,24,168,8,8,0,0,0,8,56,4
0xfEDE54fD2c4838BBb43c9D130D642d81d0D4C381,0x505C719BCcec699C84B8D19155539fAD66F38554,16,112,4,4,0,0,0,0,0,4
